angMomentum0,angMomentumErr_maxAbs,angPositionErr_x_maxAbs,angPositionErr_y_maxAbs,angPositionErr_z_maxAbs,collision,dt,energyError_maxAbs,engine,isComplex,linPositionErr_maxAbs,linVelocityErr_maxAbs,modelCount,simTime,time,timeRatio,classname
3.417652093665085,0.9062733986400824,0.0,0.0,0.0,True,0.0009,0.0138018121459503,simbody,True,0.0220517639733657,2.2936319510336037e-11,1,10.0008,0.997999798,0.0997919964402847,DtComplex
3.417652093665085,0.9073982856148646,0.0,0.0,0.0,True,0.0009,0.0115421497824415,ode,True,0.0441035280026653,5.400124791776761e-13,1,10.0008,0.630950635,0.0630900162986961,DtComplex
3.417652093665085,0.907398266099058,0.0,0.0,0.0,True,0.0009,0.0115421454950509,dart,True,0.0441035279979473,1.0197932184120029e-12,1,10.0008,0.6201448230000001,0.0620095215382769,DtComplex
3.417652093665085,0.8982945562586169,0.0,0.0,0.0,True,0.0009,0.0164549080204448,bullet,True,0.0286021627306803,0.0038116796875016,1,10.0008,0.622176179,0.0622126408887289,DtComplex
3.417652093665085,0.9061329836898524,0.0,0.0,0.0,True,0.0008,0.0140526234987695,simbody,True,0.019600000001219,2.6062707547680475e-11,1,10.0,1.085277093,0.1085277093,DtComplex
3.417652093665085,0.9071694565156958,0.0,0.0,0.0,True,0.0008,0.0120446681638368,ode,True,0.0392000000545635,1.4935608305677306e-11,1,10.0,0.705073296,0.0705073296,DtComplex
3.417652093665085,0.9071695225045486,0.0,0.0,0.0,True,0.0008,0.0120446667388344,dart,True,0.0392000000002212,1.5030928667990261e-12,1,10.0,0.693566062,0.0693566062,DtComplex
3.417652093665085,0.8924816867972973,0.0,0.0,0.0,True,0.0008,0.0174354659770789,bullet,True,0.030112007950079,0.0054092407226562,1,10.0,0.747329471,0.0747329471,DtComplex
3.417652093665085,0.905991644618376,0.0,0.0,0.0,True,0.0007,0.0143034408487349,simbody,True,0.0171503429853032,3.4361846701358445e-11,1,10.0002,1.290964658,0.1290938839223215,DtComplex
3.417652093665085,0.906927221141833,0.0,0.0,0.0,True,0.0007,0.0125469077749651,ode,True,0.0343006860679224,2.545164079492679e-11,1,10.0002,0.806842574,0.080682643747125,DtComplex
3.417652093665085,0.9069273019064464,0.0,0.0,0.0,True,0.0007,0.0125469072916338,dart,True,0.0343006860000514,1.6526989219464826e-12,1,10.0002,0.8138135660000001,0.0813797290054199,DtComplex
3.417652093665085,0.8922255832605527,0.0,0.0,0.0,True,0.0007,0.0230688536366978,bullet,True,0.0205056731266477,0.0087120141601531,1,10.0002,0.81120996,0.0811193736125277,DtComplex
3.417652093665085,0.9058465855566504,0.0,0.0,0.0,True,0.0006,0.0145541388495906,simbody,True,0.014700293880935,5.31770183442859e-11,1,10.0002,1.507873567,0.1507843410131797,DtComplex
3.417652093665085,0.906673449974642,0.0,0.0,0.0,True,0.0006,0.0130490660205736,ode,True,0.029400587993507,1.13544729174464e-11,1,10.0002,0.930504369,0.0930485759284814,DtComplex
3.417652093665085,0.9066735784398284,0.0,0.0,0.0,True,0.0006,0.0130490674223566,dart,True,0.0294005879995324,1.2722314932506953e-12,1,10.0002,0.956107841,0.0956088719225615,DtComplex
3.417652093665085,0.8902296334559059,0.0,0.0,0.0,True,0.0006,0.0157339790458368,bullet,True,0.0170956738956756,0.007080458984376,1,10.0002,0.942448499,0.0942429650406991,DtComplex
3.417652093665085,0.9056978150479934,0.0,0.0,0.0,True,0.0005,0.0148048500141572,simbody,True,0.0122499998263378,6.711786681989905e-11,1,10.0,1.81321437,0.181321437,DtComplex
3.417652093665085,0.9064101492399866,0.0,0.0,0.0,True,0.0005,0.0135509319757595,ode,True,0.0244999999992501,2.523847797419876e-11,1,10.0,1.110694199,0.1110694199,DtComplex
3.417652093665085,0.9064102484068588,0.0,0.0,0.0,True,0.0005,0.0135509331084943,dart,True,0.0245000000002164,2.2556079739644268e-12,1,10.0,1.120729111,0.1120729110999999,DtComplex
3.417652093665085,0.8773922000345025,0.0,0.0,0.0,True,0.0005,0.0179434896372254,bullet,True,0.062353921075236,0.0121449462890552,1,10.0,1.130262559,0.1130262559,DtComplex
3.417652093665085,0.9055477170338628,0.0,0.0,0.0,True,0.0004,0.0150554800771044,simbody,True,0.0097999998839668,4.425260158313904e-11,1,10.0,2.315602265,0.2315602265,DtComplex
3.417652093665085,0.9061337757957402,0.0,0.0,0.0,True,0.0004,0.0140526536498275,ode,True,0.0196000000060507,3.041122909053229e-11,1,10.0,1.413954016,0.1413954016,DtComplex
3.417652093665085,0.9061338456437718,0.0,0.0,0.0,True,0.0004,0.0140526548581926,dart,True,0.0195999999974674,1.940485952880048e-12,1,10.0,1.453063385,0.1453063385,DtComplex
3.417652093665085,0.8706292026162267,0.0,0.0,0.0,True,0.0004,0.0450876593441636,bullet,True,0.0704520830686022,0.0201034545898437,1,10.0,1.410605465,0.1410605465,DtComplex
3.417652093665085,0.9053939118174588,0.0,0.0,0.0,True,0.0003,0.0153060653766241,simbody,True,0.0073501467877008,6.355094228638336e-11,1,10.0002,3.207254759,0.3207190615187696,DtComplex
3.417652093665085,0.9058465855574048,0.0,0.0,0.0,True,0.0003,0.014554166932807,ode,True,0.0147002940209972,2.106048668792937e-11,1,10.0002,1.891451535,0.1891413706725865,DtComplex
3.417652093665085,0.9058466342745364,0.0,0.0,0.0,True,0.0003,0.014554167945168,dart,True,0.0147002940008746,3.1685834832594245e-12,1,10.0002,1.920774279,0.1920735864282714,DtComplex
3.417652093665085,0.8932994625025509,0.0,0.0,0.0,True,0.0003,0.0339051111200017,bullet,True,0.0253620553140055,0.0147239770507781,1,10.0002,1.89683261,0.1896794674106517,DtComplex
3.417652093665085,0.9052373613496012,0.0,0.0,0.0,True,0.0002,0.0155566064854704,simbody,True,0.0049000002352954,8.962786068877904e-11,1,10.0,4.751404535,0.4751404535,DtComplex
3.417652093665085,0.9055477170348516,0.0,0.0,0.0,True,0.0002,0.0150554800768403,ode,True,0.0097999997739179,8.664358119858662e-11,1,10.0,2.833736516,0.2833736516,DtComplex
3.417652093665085,0.9055477428730068,0.0,0.0,0.0,True,0.0002,0.0150554806217651,dart,True,0.0098000000048159,6.866007306131874e-12,1,10.0,2.892792968,0.2892792968,DtComplex
3.417652093665085,0.8948560295162359,0.0,0.0,0.0,True,0.0002,0.0508731395996158,bullet,True,0.1044358945501669,0.0269622802734375,1,10.0,2.844058276,0.2844058276,DtComplex
3.417652093665085,0.905078061193565,0.0,0.0,0.0,True,0.0001,0.0158070974874258,simbody,True,0.0024500005677055,1.389537374052452e-10,1,10.0,9.758101953,0.9758101953,DtComplex
3.417652093665085,0.905237457021449,0.0,0.0,0.0,True,0.0001,0.0155566064758066,ode,True,0.0048999995868257,1.1473844097054098e-10,1,10.0,5.732212535,0.5732212535000001,DtComplex
3.417652093665085,0.905237478900218,0.0,0.0,0.0,True,0.0001,0.0155566102406454,dart,True,0.0049001125905227,3.670404150523111e-08,1,10.0,5.804436286,0.5804436286,DtComplex
3.417652093665085,0.9041482114299018,0.0,0.0,0.0,True,0.0001,0.1628884312150138,bullet,True,0.0656282228045197,0.070892333984375,1,10.0,5.712776726,0.5712776726000001,DtComplex
3.417652093665085,0.9064068790056574,0.0,0.0,0.0,True,0.001,0.013550931977867,simbody,True,0.0244999999671335,1.7408297026122455e-11,1,10.0,0.86347448,0.086347448,DtComplex
3.417652093665085,0.9076178689696306,0.0,0.0,0.0,True,0.001,0.0119331562360316,ode,True,0.0489999999591646,1.1169731806148777e-11,1,10.0,0.5662838990000001,0.0566283899,DtComplex
3.417652093665085,0.9076178486497596,0.0,0.0,0.0,True,0.001,0.0119331030137251,dart,True,0.0490000000010582,1.1023880235062065e-12,1,10.0,0.558362134,0.0558362134,DtComplex
3.417652093665085,0.8937290182214483,0.0,0.0,0.0,True,0.001,0.018413577010167,bullet,True,0.0603444519437767,0.00970458984375,1,10.0,0.5653866280000001,0.0565386628,DtComplex
0.4041666666666667,0.0,2.1095448055064026e-08,0.0,0.0,True,0.0009,0.0,simbody,False,2.398575454056523e-12,0.0,1,10.0008,1.004560202,0.1004479843612511,DtSimple
0.4041666666666667,0.0,8.438174958769197e-08,0.0,0.0,True,0.0009,0.0,ode,False,2.024430249289832e-12,0.0,1,10.0008,0.639315422,0.0639264280857531,DtSimple
0.4041666666666667,3.7970947563292546e-15,1.6890515364131886e-07,7.057750117414676e-15,2.272791291211688e-15,True,0.0009,1.9173553947759318e-11,dart,False,6.123690252367817e-10,6.574161712615724e-11,1,10.0008,0.625612783,0.0625562737980961,DtSimple
0.4041666666666667,3.957748413079527e-05,0.0001341404257433,0.0,0.0,True,0.0009,1.5614473872349918e-06,bullet,False,0.0005554902118398,2.462075896843e-08,1,10.0008,0.6235719110000001,0.0623522029237661,DtSimple
0.4041666666666667,0.0,1.6666671376341924e-08,0.0,0.0,True,0.0008,0.0,simbody,False,2.181575937675621e-12,0.0,1,10.0,1.085232227,0.1085232227,DtSimple
0.4041666666666667,0.0,6.666665819388129e-08,0.0,0.0,True,0.0008,0.0,ode,False,1.2256357754063814e-12,0.0,1,10.0,0.699170185,0.0699170185,DtSimple
0.4041666666666667,3.601808518940858e-15,1.3343295313106296e-07,6.924916642730014e-15,1.9978597955617204e-15,True,0.0008,1.3776507533175604e-11,dart,False,4.3113182411211266e-10,4.637957138249422e-11,1,10.0,0.724579394,0.0724579394,DtSimple
0.4041666666666667,5.483627319331358e-05,0.0001273131171082,0.0,0.0,True,0.0008,2.1780574309869707e-06,bullet,False,0.0004802978816808,2.462075896843e-08,1,10.0,0.7070548560000001,0.0707054856,DtSimple
0.4041666666666667,0.0,1.2760672074563216e-08,0.0,0.0,True,0.0007,0.0,simbody,False,6.480003639878463e-12,0.0,1,10.0002,1.29049846,0.1290472650546989,DtSimple
0.4041666666666667,0.0,5.104268563371762e-08,0.0,0.0,True,0.0007,0.0,ode,False,1.2066941071234693e-12,0.0,1,10.0002,0.7819616410000001,0.0781946002079958,DtSimple
0.4041666666666667,3.737745778560966e-15,1.021521081057131e-07,7.0016396832716854e-15,2.3193332146933666e-15,True,0.0007,9.298711908084312e-12,dart,False,2.8893759598686393e-10,3.11124401321714e-11,1,10.0002,0.816796052,0.0816779716405672,DtSimple
0.4041666666666667,3.4213066101010115e-05,0.0001018532112615,0.0,0.0,True,0.0007,1.3446726537995523e-06,bullet,False,0.0009888957056971,2.462075896843e-08,1,10.0002,0.8107567410000001,0.0810740526189476,DtSimple
0.4041666666666667,0.0,9.375192844274238e-09,0.0,0.0,True,0.0006,0.0,simbody,False,2.251743251066817e-12,0.0,1,10.0002,1.495241147,0.1495211242775144,DtSimple
0.4041666666666667,0.0,3.7500743177432134e-08,0.0,0.0,True,0.0006,0.0,ode,False,2.1453314086457416e-12,0.0,1,10.0002,0.903417879,0.090339981100378,DtSimple
0.4041666666666667,3.63593563870334e-15,7.516507283256146e-08,6.834646354659237e-15,2.1077248646212136e-15,True,0.0006,6.028232138280795e-12,dart,False,6.807238728629038e-10,6.908913933484428e-11,1,10.0002,0.949999803,0.0949980803383932,DtSimple
0.4041666666666667,5.328655242922668e-05,0.0001532574220957,0.0,0.0,True,0.0006,2.1154325440652664e-06,bullet,False,0.0020407772351862,2.462075896843e-08,1,10.0002,0.943502666,0.0943483796324073,DtSimple
0.4041666666666667,0.0,6.5104199808985194e-09,0.0,0.0,True,0.0005,0.0,simbody,False,4.192273365479283e-12,0.0,1,10.0,1.785583291,0.1785583291,DtSimple
0.4041666666666667,0.0,2.604167503861277e-08,0.0,0.0,True,0.0005,0.0,ode,False,2.088341966091345e-12,0.0,1,10.0,1.094689784,0.1094689784,DtSimple
0.4041666666666667,3.675719978798035e-15,5.217766196885521e-08,6.906384740131609e-15,2.1467256844283477e-15,True,0.0005,3.09749865137894e-12,dart,False,3.9267999067959726e-10,3.9724994349646247e-11,1,10.0,1.124767074,0.1124767074,DtSimple
0.4041666666666667,3.170967102049865e-05,9.05044420744794e-05,0.0,0.0,True,0.0005,1.263758784557311e-06,bullet,False,0.0011623351565393,2.462075896843e-08,1,10.0,1.118387899,0.1118387899,DtSimple
0.4041666666666667,0.0,4.166664346882953e-09,0.0,0.0,True,0.0004,0.0,simbody,False,5.037910819359529e-12,0.0,1,10.0,2.283676415,0.2283676415,DtSimple
0.4041666666666667,0.0,1.6666673596787973e-08,0.0,0.0,True,0.0004,0.0,ode,False,3.1172459270046128e-12,0.0,1,10.0,1.38601024,0.138601024,DtSimple
0.4041666666666667,3.753816599401083e-15,3.34667018542234e-08,7.002468856143138e-15,2.198020168723887e-15,True,0.0004,1.7894843421417465e-12,dart,False,5.523509430266315e-10,5.558314193758017e-11,1,10.0,1.443730057,0.1443730057,DtSimple
0.4041666666666667,0.0001420974731446,0.0002270926182073,0.0,0.0,True,0.0004,5.779343084766214e-06,bullet,False,0.001134344411876,2.462075896843e-08,1,10.0,1.436142855,0.1436142855,DtSimple
0.4041666666666667,0.0,2.343786276171045e-09,0.0,0.0,True,0.0003,0.0,simbody,False,2.222980155536884e-12,0.0,1,10.0002,3.114981976,0.3114919677606448,DtSimple
0.4041666666666667,0.0,9.37520194810304e-09,0.0,0.0,True,0.0003,0.0,ode,False,8.379496189614795e-12,0.0,1,10.0002,1.828968317,0.1828931738365233,DtSimple
0.4041666666666667,3.64298843700165e-15,1.899764190405051e-08,7.014822926028796e-15,2.0127301941027e-15,True,0.0003,2.296350986888922e-13,dart,False,1.0214825473328234e-09,1.0235630208314471e-10,1,10.0002,1.919278178,0.1919239793204135,DtSimple
0.4041666666666667,7.200241088868102e-05,0.0001478118985405,0.0,0.0,True,0.0003,2.871754976067429e-06,bullet,False,0.0029599353941382,2.462075896843e-08,1,10.0002,1.91349909,0.1913460820783584,DtSimple
0.4041666666666667,0.0,1.0416387752343326e-09,0.0,0.0,True,0.0002,0.0,simbody,False,9.424993195291796e-12,0.0,1,10.0,4.629474878,0.4629474878,DtSimple
0.4041666666666667,0.0,4.16667456093478e-09,0.0,0.0,True,0.0002,0.0,ode,False,7.30503391361751e-12,0.0,1,10.0,2.727736928,0.2727736928,DtSimple
0.4041666666666667,3.671436419246535e-15,8.672089935046756e-09,7.0145984212735145e-15,2.1780739532691524e-15,True,0.0002,7.247802302779343e-13,dart,False,1.3937606502669795e-09,1.3984772772156738e-10,1,10.0,2.896739855,0.2896739855,DtSimple
0.4041666666666667,0.0002486705780031,0.0004417623849379,0.0,0.0,True,0.0002,1.0084934158018732e-05,bullet,False,0.0054048378082478,2.462075896843e-08,1,10.0,2.879078355,0.2879078355,DtSimple
0.4041666666666667,0.0,2.6040614109490434e-10,0.0,0.0,True,0.0001,0.0,simbody,False,1.9221965669661668e-11,0.0,1,10.0,9.650848316,0.9650848316,DtSimple
0.4041666666666667,0.0,1.0416734141927007e-09,0.0,0.0,True,0.0001,0.0,ode,False,1.323159925488532e-11,0.0,1,10.0,5.471636077,0.5471636077,DtSimple
0.4041666666666667,3.697928748164055e-15,2.833265844159882e-09,6.977392901845666e-15,2.1972089131229097e-15,True,0.0001,2.941034210586276e-13,dart,False,3.095987043988425e-09,3.1017659192356857e-10,1,10.0,5.770474341,0.5770474341,DtSimple
0.4041666666666667,0.0004789829254151,0.0008265585331301,0.0,0.0,True,0.0001,1.938806671402353e-05,bullet,False,0.0045158605915217,2.462075896843e-08,1,10.0,5.697665205,0.5697665205,DtSimple
0.4041666666666667,0.0,2.60416854747092e-08,0.0,0.0,True,0.001,0.0,simbody,False,2.292547920890092e-12,0.0,1,10.0,0.803624639,0.0803624639,DtSimple
0.4041666666666667,0.0,1.041666657375373e-07,0.0,0.0,True,0.001,0.0,ode,False,1.6553167955739353e-12,0.0,1,10.0,0.5536345,0.05536345,DtSimple
0.4041666666666667,3.580007090099393e-15,2.0836106484622974e-07,6.807677266393623e-15,2.1182561500819115e-15,True,0.001,2.6496658092645465e-11,dart,False,2.118733979662373e-10,3.411166278026379e-11,1,10.0,0.5582337470000001,0.0558233747,DtSimple
0.4041666666666667,0.0001249313354492,0.0003140227844495,0.0,0.0,True,0.001,5.085782143443291e-06,bullet,False,0.0008540868493955,2.462075896843e-08,1,10.0,0.552217664,0.0552217664,DtSimple
